{"model": "CNN", "num_epochs": 9, "lr": 0.0001, "batch_size": 16, "eval_iterations": 10, "roc_auc_scores": [0.6658119658119659, 0.7017094017094017, 0.7307692307692308, 0.7055555555555555, 0.7346153846153847, 0.6846153846153846, 0.6696581196581197, 0.6935897435897436, 0.7628205128205129, 0.7132478632478633], "mean_roc_auc": 0.7062393162393162, "var_roc_auc": 0.0008278617868361461}