{"model": "CNN", "num_epochs": 3, "lr": 0.0001, "batch_size": 16, "eval_iterations": 5, "acc_scores": [0.6538461538461539, 0.625, 0.6698717948717948, 0.655448717948718, 0.6634615384615384], "mean_acc": 0.6535256410256409, "var_acc": 0.00023668639053254394}