{"model": "MLP", "net_args": {}, "train_losses": [0.3079248556147324, 0.24856693423324566, 0.21412742185903474, 0.19412378971379227, 0.1960046537266187, 0.15880213709879507, 0.18547424072959673, 0.1522509866262689, 0.13672587689172272, 0.12648564734798998], "train_roc_aucs": [0.9204371165644172, 0.9288726993865031, 0.9398006134969326, 0.942292944785276, 0.9361579754601227, 0.9493865030674846, 0.9361579754601227, 0.9501533742331288, 0.9564800613496932, 0.9574386503067485], "val_losses": [0.6247202157974243, 0.6034314632415771, 0.6677972674369812, 0.4027811884880066, 0.33099138736724854, 0.3601861000061035, 0.8168642520904541, 0.7748821973800659, 0.5467799305915833, 0.6633857488632202], "val_roc_aucs": [0.6875, 0.75, 0.6875, 0.8125, 0.8125, 0.8125, 0.75, 0.6875, 0.6875, 0.6875], "best_val_epoch": 4, "lr": 0.0001, "batch_size": 16, "augments_train": "Compose([\n  Resize(always_apply=False, p=1, height=256, width=256, interpolation=1),\n  CenterCrop(always_apply=False, p=1.0, height=224, width=224),\n  HorizontalFlip(always_apply=False, p=0.2),\n  ShiftScaleRotate(always_apply=False, p=0.2, shift_limit=(-0.0625, 0.0625), scale_limit=(-0.09999999999999998, 0.10000000000000009), rotate_limit=(-45, 45), interpolation=1, border_mode=4, value=None, mask_value=None),\n  Normalize(always_apply=False, p=1.0, mean=[0.485, 0.456, 0.406], std=[0.229, 0.224, 0.225], max_pixel_value=255.0),\n  ToTensorV2(always_apply=True, p=1.0),\n], p=1.0, bbox_params=None, keypoint_params=None, additional_targets={})", "augments_val": "Compose([\n  Resize(always_apply=False, p=1, height=256, width=256, interpolation=1),\n  CenterCrop(always_apply=False, p=1.0, height=224, width=224),\n  Normalize(always_apply=False, p=1.0, mean=[0.485, 0.456, 0.406], std=[0.229, 0.224, 0.225], max_pixel_value=255.0),\n  ToTensorV2(always_apply=True, p=1.0),\n], p=1.0, bbox_params=None, keypoint_params=None, additional_targets={})"}