{"model": "ResNext", "net_args": {"freeze_layers": true}, "train_losses": [0.2863443289980567, 0.22800564338550247, 0.21521367606895467, 0.19138179477189948, 0.18779651056175217, 0.1773255608198833, 0.16902350259521987, 0.17047975928825468, 0.16412837003454842, 0.16084915095585986], "train_roc_aucs": [0.8461589088547304, 0.8883494743932069, 0.8624631594140145, 0.9046696976257487, 0.8793413677804238, 0.8916313776430685, 0.9098158812633809, 0.885565129537418, 0.9316737148492941, 0.8888914868538164], "val_losses": [0.7282286286354065, 0.7417946457862854, 0.8910920023918152, 0.7174144983291626, 0.9779576659202576, 0.9164345264434814, 0.8172937035560608, 0.9257104992866516, 0.6317405104637146, 0.9453023076057434], "val_roc_aucs": [0.5625, 0.5625, 0.5625, 0.625, 0.5625, 0.5625, 0.5625, 0.5, 0.75, 0.5], "best_val_epoch": 9, "lr": 0.0001, "batch_size": 16, "augments_train": "Compose([\n  Resize(always_apply=False, p=1, height=256, width=256, interpolation=1),\n  CenterCrop(always_apply=False, p=1.0, height=224, width=224),\n  HorizontalFlip(always_apply=False, p=0.2),\n  ShiftScaleRotate(always_apply=False, p=0.2, shift_limit=(-0.0625, 0.0625), scale_limit=(-0.09999999999999998, 0.10000000000000009), rotate_limit=(-45, 45), interpolation=1, border_mode=4, value=None, mask_value=None),\n  Normalize(always_apply=False, p=1.0, mean=[0.485, 0.456, 0.406], std=[0.229, 0.224, 0.225], max_pixel_value=255.0),\n  ToTensorV2(always_apply=True, p=1.0),\n], p=1.0, bbox_params=None, keypoint_params=None, additional_targets={})", "augments_val": "Compose([\n  Resize(always_apply=False, p=1, height=256, width=256, interpolation=1),\n  CenterCrop(always_apply=False, p=1.0, height=224, width=224),\n  Normalize(always_apply=False, p=1.0, mean=[0.485, 0.456, 0.406], std=[0.229, 0.224, 0.225], max_pixel_value=255.0),\n  ToTensorV2(always_apply=True, p=1.0),\n], p=1.0, bbox_params=None, keypoint_params=None, additional_targets={})"}