{"model": "AlexNet", "num_epochs": 1, "lr": 0.0001, "batch_size": 16, "eval_iterations": 10, "roc_auc_scores": [0.7303418803418804, 0.8004273504273505, 0.814957264957265, 0.8141025641025641, 0.6696581196581197, 0.7482905982905983, 0.7393162393162394, 0.7209401709401709, 0.594017094017094, 0.7188034188034188], "mean_roc_auc": 0.7350854700854701, "var_roc_auc": 0.004175376214478778}