{"model": "AlexNet", "net_args": "None", "train_losses": [0.05762541842606901, 0.04813003942278996, 0.09101115317980936, 0.03171590386541343, 0.011521145061481218, 0.03949776364981762, 0.014559416408919118, 0.028315982112855267, 0.005331749519321816, 0.008377361517011022], "train_roc_aucs": [0.9621706478073655, 0.9750630968704145, 0.9754981116643815, 0.9829634119939382, 0.9975911091866927, 0.9716629381058911, 0.9959991340116907, 0.9947951215991917, 0.9985806451612903, 0.9974620769286281], "val_losses": [0.4118690490722656, 0.7198408842086792, 0.09485986828804016, 0.26242491602897644, 0.19896957278251648, 0.6361991763114929, 0.16211330890655518, 0.2918998599052429, 0.04605025053024292, 0.24885763227939606], "val_roc_aucs": [0.6875, 0.6875, 0.9375, 0.875, 0.9375, 0.8125, 0.875, 0.9375, 1.0, 0.875], "best_val_epoch": 9, "lr": 0.0001, "batch_size": 16, "transforms": 