{"model": "AlexNet", "net_args": "None", "train_losses": [0.2425107747499197, 0.05164388041554784, 0.033189528924555865, 0.024944557551226, 0.045263119453301456, 0.020776170483030425, 0.012060181723416217, 0.005586683750152588, 0.006935038038192351, 0.014456676513505129], "train_roc_aucs": [0.932544610425537, 0.9842287171345409, 0.9879128238435448, 0.9941072382189506, 0.9683072334079045, 0.9947381588126339, 0.9967306054701596, 0.9977628635346757, 0.9981214789155901, 0.9906785980611483], "val_losses": [0.23890650272369385, 0.15238744020462036, 0.2149946391582489, 0.20203953981399536, 1.8930065631866455, 0.12632471323013306, 0.221720889210701, 0.3335902690887451, 0.4314292371273041, 1.2587392330169678], "val_roc_aucs": [0.9375, 1.0, 0.875, 0.9375, 0.625, 1.0, 0.9375, 0.875, 0.875, 0.6875], "best_val_epoch": 2, "lr": 0.0001, "batch_size": 16, "transforms": "Compose(\n    Resize(size=512, interpolation=PIL.Image.BILINEAR)\n    CenterCrop(size=(500, 500))\n    ToTensor()\n    Normalize(mean=[0.485, 0.456, 0.406], std=[0.229, 0.224, 0.225])\n)"}