{"model": "AlexNet", "train_losses": [0.17474058334447123, 0.09129321556881162, 0.07603521837047272, 0.061191764711602335, 0.0752976587944967, 0.06475466412086428, 0.056869660601294114, 0.04581954106231408, 0.03173991425271414, 0.020793728941788703], "train_accs": [0.9367331288343558, 0.9651073619631901, 0.9720092024539877, 0.9739263803680982, 0.9710506134969326, 0.9756518404907976, 0.9792944785276073, 0.9815950920245399, 0.9884969325153374, 0.9930981595092024], "val_losses": [0.5935137271881104, 0.6300753951072693, 1.0180916786193848, 0.47827088832855225, 0.2768650949001312, 0.3783290386199951, 0.48357531428337097, 0.23872554302215576, 0.5680109858512878, 0.5135184526443481], "val_accs": [0.75, 0.625, 0.5625, 0.6875, 0.8125, 0.8125, 0.75, 0.875, 0.75, 0.75], "best_val_epoch": 8, "lr": 0.0001, "batch_size": 16}