{"model": "AlexNet", "net_args": "None", "train_losses": [0.04839628313216695, 0.05143753553460712, 0.13141875791769086, 0.07917473588618765, 0.05893147179136978, 0.019759172539403833, 0.012309061283348528, 0.011557411151063955, 0.05817033816700333, 0.008059588906589461], "train_roc_aucs": [0.9846300546053739, 0.9861214789155903, 0.9683870967741935, 0.9824516129032258, 0.9802136104495923, 0.9937628635346757, 0.9974193548387097, 0.9956983474056434, 0.984516129032258, 0.9979354838709678], "val_losses": [0.10457730293273926, 0.1281280219554901, 0.13803783059120178, 0.04160553216934204, 0.4817444682121277, 0.04879051446914673, 0.1487286388874054, 0.26195579767227173, 0.17521563172340393, 0.06709575653076172], "val_roc_aucs": [1.0, 0.9375, 0.9375, 1.0, 0.6875, 1.0, 0.9375, 0.875, 0.9375, 1.0], "best_val_epoch": 1, "lr": 0.0001, "batch_size": 16, "transforms": "Compose(\n    Resize(size=1024, interpolation=PIL.Image.BILINEAR)\n    CenterCrop(size=(1000, 1000))\n    ToTensor()\n    Normalize(mean=[0.485, 0.456, 0.406], std=[0.229, 0.224, 0.225])\n)"}