{"model": "AlexNet", "net_args": {}, "train_losses": [0.13074267751600113, 0.057817730846946226, 0.06961664822569653, 0.0460392872522945, 0.05222890649470815, 0.045505324390036926, 0.045194393972312015, 0.042161537642859244, 0.031031760381408997, 0.022484585231432885], "train_roc_aucs": [0.9634821389911236, 0.9725243078107334, 0.9610084914964758, 0.9795951985759305, 0.985404248153761, 0.9727387842486349, 0.9848009429650477, 0.975994804070145, 0.9886007072237859, 0.9856881960982415], "val_losses": [0.13727864623069763, 0.5563132762908936, 0.9611855745315552, 0.14923426508903503, 0.12863054871559143, 0.34970924258232117, 0.15635401010513306, 0.38478145003318787, 0.03324618935585022, 0.3486533463001251], "val_roc_aucs": [1.0, 0.625, 0.625, 0.9375, 0.9375, 0.75, 0.9375, 0.8125, 1.0, 0.8125], "best_val_epoch": 1, "lr": 0.0001, "batch_size": 16, "augments_train": "Compose([\n  Resize(always_apply=False, p=1, height=256, width=256, interpolation=1),\n  CenterCrop(always_apply=False, p=1.0, height=224, width=224),\n  HorizontalFlip(always_apply=False, p=0.2),\n  ShiftScaleRotate(always_apply=False, p=0.2, shift_limit=(-0.0625, 0.0625), scale_limit=(-0.09999999999999998, 0.10000000000000009), rotate_limit=(-45, 45), interpolation=1, border_mode=4, value=None, mask_value=None),\n  Normalize(always_apply=False, p=1.0, mean=[0.485, 0.456, 0.406], std=[0.229, 0.224, 0.225], max_pixel_value=255.0),\n  ToTensorV2(always_apply=True, p=1.0),\n], p=1.0, bbox_params=None, keypoint_params=None, additional_targets={})", "augments_val": "Compose([\n  Resize(always_apply=False, p=1, height=256, width=256, interpolation=1),\n  CenterCrop(always_apply=False, p=1.0, height=224, width=224),\n  Normalize(always_apply=False, p=1.0, mean=[0.485, 0.456, 0.406], std=[0.229, 0.224, 0.225], max_pixel_value=255.0),\n  ToTensorV2(always_apply=True, p=1.0),\n], p=1.0, bbox_params=None, keypoint_params=None, additional_targets={})"}