{"model": "ResNext", "num_epochs": 9, "lr": 0.0001, "batch_size": 16, "eval_iterations": 10, "roc_auc_scores": [0.7542735042735043, 0.7341880341880342, 0.7670940170940171, 0.7747863247863248, 0.7427350427350428, 0.7478632478632479, 0.7521367521367521, 0.7585470085470085, 0.7457264957264957, 0.75], "mean_roc_auc": 0.7527350427350428, "var_roc_auc": 0.0001253269048140842}