{"model": "MLP", "num_epochs": 4, "lr": 0.0001, "batch_size": 16, "eval_iterations": 10, "roc_auc_scores": [0.7516025641025641, 0.7628205128205128, 0.8125, 0.7692307692307693, 0.75, 0.8221153846153846, 0.7916666666666666, 0.782051282051282, 0.7628205128205128, 0.7916666666666666], "mean_roc_auc": 0.7796474358974359, "var_roc_auc": 0.0005517802843523996}