{"model": "CNN", "net_args": "None", "train_losses": [0.4957059402864403, 0.48523406309584166, 0.4358782828128411, 0.4391576443438881, 0.41008337075176415, 0.4342417046427727, 0.4060182170542471, 0.48059224159073977, 0.39413642001115473, 0.3693742937654074], "train_roc_aucs": [0.5, 0.6712199369752953, 0.6423775227923312, 0.6192880613889491, 0.6471383416323879, 0.6951565273868803, 0.7566234153616703, 0.768711938611051, 0.7540962690337013, 0.7236618796757356], "val_losses": [1.1373313665390015, 1.0017633438110352, 1.19492769241333, 0.6421989798545837, 0.9806031584739685, 0.7407217025756836, 0.8386114239692688, 0.6985067129135132, 0.760317325592041, 0.7166034579277039], "val_roc_aucs": [0.5, 0.5625, 0.5, 0.625, 0.5, 0.5, 0.625, 0.5, 0.5625, 0.5625], "best_val_epoch": 4, "lr": 0.0001, "batch_size": 16}