{"model": "CNN", "train_losses": [0.4856738931745108, 0.46258661091510506, 0.42613316167351656, 0.40240228006993334, 0.3954639324655562, 0.3684857628005414, 0.35813384633397033, 0.33480470042470045, 0.3075224525449466, 0.3251492023308036], "train_accs": [0.7835506134969326, 0.7979294478527608, 0.8073236196319018, 0.8301380368098159, 0.8257285276073619, 0.8466257668711656, 0.8333972392638037, 0.8516104294478528, 0.8648389570552147, 0.8567868098159509], "val_losses": [0.9131899476051331, 0.7881653904914856, 0.9014951586723328, 0.7521246075630188, 0.9312419295310974, 0.8199494481086731, 0.8179636001586914, 1.0813416242599487, 0.9510570764541626, 1.0837458372116089], "val_accs": [0.5, 0.5625, 0.625, 0.5625, 0.4375, 0.5625, 0.5625, 0.625, 0.625, 0.5625], "best_val_epoch": 3, "lr": 0.0001, "batch_size": 16}