{"model": "CNN", "net_args": {}, "train_losses": [0.2693312479400196, 0.15535337625334233, 0.19244872766941146, 0.160444078124214, 0.11747333654659611, 0.12137118752108761, 0.09702009367727978, 0.11071271939557388, 0.09747224122691511, 0.07865873818747139], "train_roc_aucs": [0.8549926631546031, 0.9152227273820693, 0.8574550528012317, 0.8927054918091938, 0.941897476606288, 0.9190777224507469, 0.9460959803709317, 0.9439158066921653, 0.9464990498183831, 0.9556318587476846], "val_losses": [1.394065022468567, 0.5885904431343079, 1.4540128707885742, 1.436161756515503, 0.5463564991950989, 0.9118330478668213, 0.6972172856330872, 0.6944564580917358, 0.4686017632484436, 0.7486443519592285], "val_roc_aucs": [0.6875, 0.625, 0.5, 0.625, 0.6875, 0.625, 0.6875, 0.6875, 0.8125, 0.6875], "best_val_epoch": 9, "lr": 0.0001, "batch_size": 16, "augments_train": "Compose([\n  Resize(always_apply=False, p=1, height=256, width=256, interpolation=1),\n  CenterCrop(always_apply=False, p=1.0, height=224, width=224),\n  HorizontalFlip(always_apply=False, p=0.2),\n  ShiftScaleRotate(always_apply=False, p=0.2, shift_limit=(-0.0625, 0.0625), scale_limit=(-0.09999999999999998, 0.10000000000000009), rotate_limit=(-45, 45), interpolation=1, border_mode=4, value=None, mask_value=None),\n  Normalize(always_apply=False, p=1.0, mean=[0.485, 0.456, 0.406], std=[0.229, 0.224, 0.225], max_pixel_value=255.0),\n  ToTensorV2(always_apply=True, p=1.0),\n], p=1.0, bbox_params=None, keypoint_params=None, additional_targets={})", "augments_val": "Compose([\n  Resize(always_apply=False, p=1, height=256, width=256, interpolation=1),\n  CenterCrop(always_apply=False, p=1.0, height=224, width=224),\n  Normalize(always_apply=False, p=1.0, mean=[0.485, 0.456, 0.406], std=[0.229, 0.224, 0.225], max_pixel_value=255.0),\n  ToTensorV2(always_apply=True, p=1.0),\n], p=1.0, bbox_params=None, keypoint_params=None, additional_targets={})"}